scenario_id,model,reference,backend,device,rk4_dt_s,duration_days,hp_km,ha_km,a_km,e,inc_deg,raan_deg,argp_deg,ta_deg,rms_pos_err_km,final_pos_err_km,max_pos_err_km,p95_pos_err_km,rms_vel_err_ms,final_vel_err_ms,max_vel_err_ms,p95_vel_err_ms,radial_rms_km,along_rms_km,cross_rms_km,radial_max_km,along_max_km,cross_max_km,rms_alt_err_km,final_alt_err_km,max_abs_alt_err_km,min_alt_model_km,min_alt_truth_km,status,failure_reason
0,GPU_ST_LRPS_RK4,sh200_dop853,torch_st_lrps,cuda:0,10.0,1.0,354.79120971119266,354.79120971119266,2092.7912097111926,0.0,154.54762558404886,251.052490461371,33.90384523955383,351.22404658923216,0.0002553828373455249,0.00047594376735390627,0.000531578710016492,0.00045935338150618273,0.000184584636890566,0.0003396786788422143,0.00035666187344759337,0.00031180443216006934,1.6846003019677398e-05,0.00025448766563277933,1.3139019510243624e-05,4.771056922237646e-05,0.0005310823043446669,2.4989528589443582e-05,1.684600691608585e-05,-3.977690892043029e-05,4.77106140124306e-05,354.63167772783385,354.63163001721983,ok,
1,GPU_ST_LRPS_RK4,sh200_dop853,torch_st_lrps,cuda:0,10.0,1.0,352.2279403980706,352.2279403980706,2090.2279403980706,0.0,23.06045388159826,162.13893764240416,133.48728872372925,333.63539598549664,0.0001548690330882331,0.00018019612835993822,0.0003809188627553722,0.00031175051933736826,0.00010422139085541402,0.00014050612838351797,0.00021061543901985353,0.00018504317634123485,3.276519356346247e-05,0.00015080604515481342,1.2976757884674193e-05,9.941532117755605e-05,0.0003809188324509418,3.618907406591667e-05,3.276519364333944e-05,-9.795859199357437e-05,9.941531300228235e-05,350.7931956136159,350.793244583108,ok,
2,GPU_ST_LRPS_RK4,sh200_dop853,torch_st_lrps,cuda:0,10.0,1.0,328.7730240161329,328.7730240161329,2066.773024016133,0.0,79.81455578891959,81.80593984251968,199.65052332570053,22.974212197503117,0.00016338662517287772,0.0002321033912933725,0.00034311237820733705,0.0003028411761767228,0.00011831541381131061,0.0001679761920525641,0.00021174551083745952,0.00020013239192525736,1.8217384993089155e-05,0.00016093783799064326,2.150182485961334e-05,6.778961032047027e-05,0.00034217888321989707,4.3236495635113766e-05,1.8217384565351892e-05,6.778962210773898e-05,6.778962210773898e-05,327.2195788586519,327.2196007191399,ok,
3,GPU_ST_LRPS_RK4,sh200_dop853,torch_st_lrps,cuda:0,10.0,1.0,365.5262343985164,365.5262343985164,2103.5262343985164,0.0,136.4557932153673,127.62934852675261,349.4512887821652,321.5236036759912,0.0001250538323207182,0.00011643835424047999,0.00023502895126976218,0.0002054195695098727,8.925105661904516e-05,0.0001101305044204711,0.0001453105556370488,0.00013286242583961542,1.3748676041387216e-05,0.00012340364256417427,1.4865257720631944e-05,3.313937606132106e-05,0.0002325408544069264,3.592505140447061e-05,1.3748676115065427e-05,1.4288579109233979e-05,3.313938293558749e-05,364.1421655026865,364.14217240460357,ok,
4,GPU_ST_LRPS_RK4,sh200_dop853,torch_st_lrps,cuda:0,10.0,1.0,355.67669941475236,355.67669941475236,2093.6766994147524,0.0,84.00978067086615,15.76935568340236,55.544217144317216,245.89762316728365,0.00012069395724745551,0.00015646305607949033,0.00023789242727487785,0.0002055560384089246,5.7777622913688986e-05,8.778542787890365e-05,9.732520128125746e-05,8.917201145672413e-05,5.1573252583795794e-05,0.00010880492857090627,8.289659381337895e-06,0.00010849660280374084,0.00023788158885028682,2.3227033163869677e-05,5.1573252547562285e-05,9.555427357099688e-05,0.00010849660264966587,353.44523964907347,353.4451440947999,ok,
5,GPU_ST_LRPS_RK4,sh200_dop853,torch_st_lrps,cuda:0,10.0,1.0,348.95243118156344,348.95243118156344,2086.9524311815635,0.0,58.648564464867356,133.3654941725528,169.04009205929086,68.20968927034285,7.16228459663506e-05,0.00016621854750422556,0.00018173217508345182,0.000146724945571837,3.646709064309082e-05,7.262708752978162e-05,7.748912090779441e-05,7.055837302884392e-05,2.888198783868033e-05,6.458405378793436e-05,1.1160772335421429e-05,7.26722101573213e-05,0.0001784974566469482,3.489964966684833e-05,2.8881987748955968e-05,3.770122606283621e-05,7.267220996709511e-05,347.547102683685,347.54711327883575,ok,
6,GPU_ST_LRPS_RK4,sh200_dop853,torch_st_lrps,cuda:0,10.0,1.0,225.98430106709432,225.98430106709432,1963.9843010670943,0.0,40.843682829159135,241.13303808570373,157.37469079403905,299.7641505808215,0.0002986668730962018,0.0008852113605385327,0.0008852113605385327,0.0007231430275201951,0.00020870977441477144,0.0005404600004531694,0.0005404600004531694,0.0004584141019966455,9.113729137910779e-05,0.0002827317297424577,3.096230291790594e-05,0.00026093198179283263,0.0008785248153842584,5.767376654309534e-05,9.113729597930459e-05,0.00014428942535005262,0.0002609320331714571,224.3844392047755,224.3846044742635,ok,
7,GPU_ST_LRPS_RK4,sh200_dop853,torch_st_lrps,cuda:0,10.0,1.0,340.0530204004498,340.0530204004498,2078.05302040045,0.0,149.8067642511362,289.7151686988487,139.4922164508628,103.79811741488788,0.00011511822985356265,0.00017249491548498714,0.0002983001598665349,0.00023712733142461796,6.909335121954391e-05,0.0001280793791982872,0.00016542372714912218,0.0001362093009222494,4.0274632242239723e-05,0.00010519801163114585,2.3738980416676025e-05,8.673313944893983e-05,0.00029820941290102524,5.849413700543983e-05,4.0274632250441835e-05,8.673314471252525e-05,8.673314471252525e-05,338.4000311927223,338.39997434596114,ok,
8,GPU_ST_LRPS_RK4,sh200_dop853,torch_st_lrps,cuda:0,10.0,1.0,336.4991007949951,336.4991007949951,2074.4991007949952,0.0,35.9834764455195,2.6504171103619845,283.2927759007698,239.34630837313156,3.9865008488601605e-05,9.27847737858736e-05,9.27847737858736e-05,8.101809804709032e-05,2.8282469489866984e-05,5.194218658558673e-05,6.779557194006651e-05,5.3832636008608954e-05,7.663441605856417e-06,3.0063260487383443e-05,2.503379582519671e-05,2.1473736945658068e-05,8.317254903169761e-05,6.141804873397657e-05,7.663441668913464e-06,2.062500777810783e-05,2.1473738854638214e-05,333.5797427414495,333.5797221164417,ok,
9,GPU_ST_LRPS_RK4,sh200_dop853,torch_st_lrps,cuda:0,10.0,1.0,341.03307572526705,341.03307572526705,2079.0330757252673,0.0,82.60483959690119,204.74683054304174,50.32691932595668,41.23082647295044,0.00021491349077402272,0.0005245724647235415,0.0005633325823155839,0.00047322502771268775,0.00013895616379372037,0.0002876130621707462,0.0003015675035879521,0.0002675368269204168,5.6460183985494115e-05,0.00020691241622149836,1.3686056933300596e-05,0.00015383159494580578,0.0005631782953309938,2.3736093753533817e-05,5.646018544185123e-05,-8.203695972497371e-05,0.0001538316120672789,338.90209562870047,338.90194215860333,ok,
10,GPU_ST_LRPS_RK4,sh200_dop853,torch_st_lrps,cuda:0,10.0,1.0,333.6805923580943,333.6805923580943,2071.680592358094,0.0,101.74249916661398,275.39958866976923,228.4985952002127,199.2885842368785,0.00020275595261716518,0.0003456780295586094,0.00040339454866473556,0.00035968286794208924,0.00014705726776241372,0.0002560549678666857,0.00027704002303940745,0.00024596090771608213,2.2420771304375673e-05,0.0002007083343331449,1.7984711980611084e-05,4.4964825289554515e-05,0.0004029184137782269,3.663331249481945e-05,2.2420772461525323e-05,-3.0802135825069854e-05,4.496483643379179e-05,333.24729252820345,333.2472738828759,ok,
11,GPU_ST_LRPS_RK4,sh200_dop853,torch_st_lrps,cuda:0,10.0,1.0,311.8414321490827,311.8414321490827,2049.8414321490827,0.0,5.547210222229093,157.21826012365045,77.25048221503052,147.07031174086902,0.00014556940079899487,0.00011585721829333957,0.0003781652382501934,0.0003241875672864865,0.0001036486330361623,0.00013428745199661835,0.00023360231728335624,0.00020963891176946784,2.701264236267634e-05,0.00014167999571888757,1.9686198583285318e-05,7.17474739048842e-05,0.00037758691895475085,4.0140447154635475e-05,2.7012642312119486e-05,3.530652656991151e-05,7.174748765237382e-05,310.28465939207047,310.28473006987224,ok,
12,GPU_ST_LRPS_RK4,sh200_dop853,torch_st_lrps,cuda:0,10.0,1.0,370.68061465363326,370.68061465363326,2108.6806146536333,0.0,10.494493504031883,101.29820112791876,105.6937527960061,238.28994530168222,0.00010398535674199306,0.00015233802185593405,0.00025818437620284455,0.0001938027354361358,4.891362729569897e-05,5.657594167791774e-05,0.00010833767226411042,9.274810119426926e-05,4.500512132678326e-05,9.341996078863264e-05,7.759149268535922e-06,0.00011119818158740999,0.0002580807410853567,1.6546005026222183e-05,4.500512129173926e-05,6.224829098755436e-05,0.00011119818128690895,368.09893671662405,368.09898449694646,ok,
13,GPU_ST_LRPS_RK4,sh200_dop853,torch_st_lrps,cuda:0,10.0,1.0,311.4064304682557,311.4064304682557,2049.4064304682556,0.0,119.57643725892974,146.2992701184254,293.04733847977246,60.11025116677341,7.553104005447317e-05,0.00010681450511000449,0.00015518671707564016,0.00013539230801652984,5.531204053709273e-05,9.301310416617445e-05,0.00010540391588064346,9.456767862352646e-05,1.1006327111325775e-05,7.27920190382761e-05,1.6885518634622267e-05,2.0113226952248348e-05,0.0001541964433124693,3.156823557023986e-05,1.1006327024412894e-05,-4.609982227066212e-06,2.0113225332352158e-05,309.13519766904926,309.13519244258873,ok,
14,GPU_ST_LRPS_RK4,sh200_dop853,torch_st_lrps,cuda:0,10.0,1.0,204.54241462677209,204.54241462677209,1942.5424146267721,0.0,130.02468310736106,166.27580289049945,58.05784045209664,180.37611903721088,0.0006880595902213749,0.0005245925560064186,0.0013480823662289617,0.0012498438419799494,0.0004453794610676131,0.0001748531360303582,0.0007493436595224521,0.0007154044676501691,0.0002436493235956656,0.0006432229600037672,1.803414902270169e-05,0.0004411862998099596,0.0013478315180889045,3.5874324381340876e-05,0.00024364932286408567,-0.0001910515185272743,0.00044118624390421246,201.06088001088565,201.06050280468747,ok,
15,GPU_ST_LRPS_RK4,sh200_dop853,torch_st_lrps,cuda:0,10.0,1.0,230.46242054263368,230.46242054263368,1968.4624205426337,0.0,80.30812960332553,137.1676413947337,108.54435209323555,226.90173352279984,0.00028140227592843406,0.00029604855908628934,0.000762393117015227,0.000568761114813073,0.00015598286429643774,0.000138462089399823,0.00040148650211689575,0.00032973079550323336,0.0001181668882066499,0.0002545011564975472,2.1283532852198725e-05,0.0002742230371628848,0.0007612762112937635,6.471753652887598e-05,0.00011816688810886421,-0.0001715538369069236,0.0002742230286969516,227.452500730152,227.45272997043725,ok,
16,GPU_ST_LRPS_RK4,sh200_dop853,torch_st_lrps,cuda:0,10.0,1.0,272.36252211067807,272.36252211067807,2010.3625221106781,0.0,21.241062381692757,346.2831592378252,327.0890486547385,251.89456817186985,0.00022817504382973035,0.0004418098398486418,0.0005992903500216617,0.0004912096680880716,0.000159570439346049,0.00031125245618404955,0.00036529896511603316,0.00031528014033083433,5.213482176240814e-05,0.000219484572062579,3.4239357660561624e-05,0.000126398999265952,0.0005967737028055329,6.520231842273707e-05,5.213482243165047e-05,-0.00012152717425806259,0.00012639902786304447,267.3081185306001,267.30803697167056,ok,
17,GPU_ST_LRPS_RK4,sh200_dop853,torch_st_lrps,cuda:0,10.0,1.0,253.17399229190391,253.17399229190391,1991.173992291904,0.0,140.175162713843,258.0804680972384,161.77014077176392,98.00696226425725,0.00037205862703547983,0.00030252327167656836,0.0008322352547106627,0.0007471830313704967,0.00021756393877511043,0.0002576496062275694,0.0004064897586985486,0.00039443191801187994,0.00014328058966594836,0.00034282732553458516,1.9176012184705675e-05,0.00031369168750838253,0.0008307421337614204,5.1669495055487655e-05,0.000143280589560433,-0.0002993201538856738,0.0003136916763821773,251.83849151292745,251.83839893732616,ok,
18,GPU_ST_LRPS_RK4,sh200_dop853,torch_st_lrps,cuda:0,10.0,1.0,219.27819243069985,219.27819243069985,1957.2781924306998,0.0,82.03973217004999,72.85081132628291,110.1443846942349,208.51904481908255,0.0003765845271154801,0.0008349088468969682,0.0010184700876613674,0.0006903709196491599,0.00020063783810857856,0.0004635494312226697,0.000481312068300244,0.00038414832295980404,0.000158128955926765,0.00033673305592690035,5.8497764114810514e-05,0.0004073320149487088,0.0010168749945391584,0.00011007446286832982,0.00015812895410131957,0.0002903010449415433,0.00040733200776799094,217.102574216604,217.102196840137,ok,
19,GPU_ST_LRPS_RK4,sh200_dop853,torch_st_lrps,cuda:0,10.0,1.0,235.35455658784633,235.35455658784633,1973.3545565878462,0.0,136.53351537033782,259.00666414233723,155.55349431903733,225.83118265287956,0.00039160872853031794,0.0003244376373360886,0.0006806828713610991,0.0006543530042473152,0.0003024416429107411,0.0003051287905478456,0.0004857657475206845,0.0004640012088069965,5.419613669076458e-05,0.0003859047042601616,3.8700571814967574e-05,9.832911843390759e-05,0.0006785084344164832,7.097853862122944e-05,5.419613692152379e-05,-6.323157717247341e-05,9.832916177288098e-05,233.88949037422054,233.88958074625373,ok,
20,GPU_ST_LRPS_RK4,sh200_dop853,torch_st_lrps,cuda:0,10.0,1.0,316.81959378254714,316.81959378254714,2054.819593782547,0.0,15.199977805180035,149.69066478141946,14.981102590281292,177.83669492802682,0.00015026102630997306,0.0001716277172453383,0.0003210910930704215,0.0002598438716973506,7.302675739533762e-05,0.00010260508638265241,0.00013392555408415875,0.00012058803637038215,6.548004660688625e-05,0.0001345093769965739,1.4070075482383687e-05,0.00014643586706504624,0.0003210870823989148,3.061128551025576e-05,6.548004660396479e-05,0.00013145225750577083,0.00014643586683860121,314.77314784201235,314.7732942778792,ok,
21,GPU_ST_LRPS_RK4,sh200_dop853,torch_st_lrps,cuda:0,10.0,1.0,265.9722424665571,265.9722424665571,2003.972242466557,0.0,18.612534190059296,211.55204598397634,61.413468673279,333.043242615647,0.0001064351106416349,0.00017182222301300625,0.00025128539643351944,0.00018620675759827235,6.452042461811965e-05,0.00012197281712617,0.0001434837859249429,0.00010558639492475734,3.778098767485868e-05,9.383832167002507e-05,3.309681455611914e-05,8.142731308278828e-05,0.00024860477699912317,6.552975171139908e-05,3.77809875762748e-05,6.750065642791014e-05,8.142730985127855e-05,262.959191580314,262.95927234754527,ok,
22,GPU_ST_LRPS_RK4,sh200_dop853,torch_st_lrps,cuda:0,10.0,1.0,316.212227940079,316.212227940079,2054.212227940079,0.0,106.36478846665501,8.209393570691098,345.08131676692034,173.62923729944407,5.047904077491109e-05,4.174732575180953e-05,0.00011479834495396735,8.871915092824951e-05,3.106271322805577e-05,1.460680340213641e-05,6.901560796841697e-05,5.1369492501275834e-05,1.6942892492430774e-05,4.6509022608833464e-05,9.898624526472748e-06,3.2470382374996066e-05,0.00011479097118199441,2.6664766972053522e-05,1.6942892500497638e-05,-1.5171085522069916e-05,3.247038250719925e-05,314.5997281625827,314.599727378827,ok,
23,GPU_ST_LRPS_RK4,sh200_dop853,torch_st_lrps,cuda:0,10.0,1.0,356.5470454500572,356.5470454500572,2094.5470454500573,0.0,87.59849955086887,176.65451796762753,337.6175237909938,205.82209885538714,0.00015034634902753272,0.0002227502275912061,0.00037483760799658514,0.00031089213548072636,9.656883166922432e-05,0.00015452858002603376,0.00020521845465404798,0.00018122632411441043,3.879218564386739e-05,0.00014449741725547499,1.4821855665792348e-05,9.88383149114452e-05,0.00037483641391309615,3.099581883000912e-05,3.8792185738294276e-05,-9.883830506396407e-05,9.883830506396407e-05,354.36611766210524,354.3660247844032,ok,
24,GPU_ST_LRPS_RK4,sh200_dop853,torch_st_lrps,cuda:0,10.0,1.0,294.6978802113908,294.6978802113908,2032.6978802113908,0.0,59.68241952165939,187.4420648897536,158.0081257098168,7.780348756918953,0.00010744160926807099,0.0001160922174306708,0.0002609233195891979,0.00019533104590278724,5.53065464390348e-05,8.45916414900202e-05,0.00012622296153815492,0.00010362072309481977,4.628618971941481e-05,9.371525897294585e-05,2.4874450325682932e-05,0.00010739276942684322,0.00026066595913861975,5.4438111281056496e-05,4.628618971433048e-05,0.00010465887862665113,0.00010739276814319965,292.1994938815297,292.19960084218343,ok,
25,GPU_ST_LRPS_RK4,sh200_dop853,torch_st_lrps,cuda:0,10.0,1.0,365.25838483887156,365.25838483887156,2103.2583848388717,0.0,25.24483601974994,199.4530116740578,39.08726680875968,242.0064334943322,5.6210841007836e-05,7.624869218588281e-05,0.00018627346483910014,0.00013437149939751156,3.621154927948774e-05,7.630024480414963e-05,0.00010260319549419342,7.734971337192477e-05,1.6015342789177477e-05,5.249290958338836e-05,1.2151620699461224e-05,4.696024119960693e-05,0.00018381230092987704,3.6597366649935445e-05,1.6015342793501723e-05,4.696024205941285e-05,4.696024205941285e-05,365.03559206880584,365.0355983531624,ok,
26,GPU_ST_LRPS_RK4,sh200_dop853,torch_st_lrps,cuda:0,10.0,1.0,256.2467567678017,256.2467567678017,1994.2467567678018,0.0,130.85903057163887,276.71309709035654,38.786740544122765,329.7642642495388,0.000150644470550802,0.0001856515231699524,0.0003570269576058312,0.0002557032919594195,8.127123380620351e-05,0.00014303730290192296,0.00018632246121688388,0.00013533474413812658,6.49034210563331e-05,0.00013529661628361987,1.3271324911956591e-05,0.00013065097593257066,0.0003569896487731875,3.449070953379041e-05,6.490342108738307e-05,0.00012612443882176194,0.0001306509773542075,253.7696224338815,253.7695135429378,ok,
27,GPU_ST_LRPS_RK4,sh200_dop853,torch_st_lrps,cuda:0,10.0,1.0,246.04279817897617,246.04279817897617,1984.0427981789762,0.0,99.87344449046701,133.53202219047796,298.7243075276687,290.9705299431487,0.0003311710547514955,0.0009737488894125674,0.0009737488894125674,0.0007334214272411522,0.00019491582735044194,0.0005118691953081077,0.0005118691953081077,0.00041570172894078825,0.00013074936799062096,0.0003004149044469061,4.826754045347142e-05,0.00034169099284979117,0.0009676781994067027,9.67743045641789e-05,0.00013074937231317074,9.064876613251727e-05,0.00034169101877523644,243.1933725060709,243.1935888628089,ok,
28,GPU_ST_LRPS_RK4,sh200_dop853,torch_st_lrps,cuda:0,10.0,1.0,263.4277785645431,263.4277785645431,2001.427778564543,0.0,52.36521086522135,185.42056652341722,92.14743260433698,336.9756852176268,0.00019783540352502057,0.00034012226046793655,0.0005494500445390978,0.00041573915144789105,0.00013154488862024178,0.00026157333222499905,0.00030568641632959016,0.0002500798943002714,6.392969538722472e-05,0.00018688090674973405,1.1285726737858012e-05,0.0001689622667373838,0.0005494268947433969,2.9398204929195557e-05,6.392969565360242e-05,0.00016889978502376835,0.00016896228606810837,260.94804087609776,260.9481931429715,ok,
29,GPU_ST_LRPS_RK4,sh200_dop853,torch_st_lrps,cuda:0,10.0,1.0,232.92156351640364,232.92156351640364,1970.9215635164035,0.0,78.31747080054683,357.25520306010134,321.00381585176905,269.49888700450174,0.00034900605701070395,0.0011309214156403483,0.0011309214156403483,0.0008189007536091075,0.00022963341648224553,0.0006919873205344713,0.0006919873205344713,0.0005133661982304607,0.00012227268866865006,0.0003253735392395314,3.1411421467982294e-05,0.0003280877822879465,0.0011144358360204699,6.887911260429164e-05,0.0001222726815275693,-0.00019158507859629026,0.00032808768935410626,231.02323065354722,231.0230811907833,ok,
30,GPU_ST_LRPS_RK4,sh200_dop853,torch_st_lrps,cuda:0,10.0,1.0,378.15849817570495,378.15849817570495,2116.158498175705,0.0,93.39450486956083,113.73445865908548,277.9244755599557,238.19805474039399,0.0001500894240895131,0.0003707899844331967,0.0003707899844331967,0.00029251943729610464,0.0001018555476116743,0.0002166789748605669,0.0002166789748605669,0.0001809264211036954,2.9498648518843785e-05,0.0001468157558174492,1.0089539277616335e-05,7.077868679447957e-05,0.0003703608294186347,2.140388593911285e-05,2.9498649641635213e-05,1.7820573873450485e-05,7.077870003513453e-05,375.92733494691646,375.9273973230906,ok,
31,GPU_ST_LRPS_RK4,sh200_dop853,torch_st_lrps,cuda:0,10.0,1.0,274.731545774742,274.731545774742,2012.731545774742,0.0,134.42213004282468,94.48578573223128,337.2527341921605,86.74940700204651,0.0002003393642024134,0.00045634146488146137,0.0005675069728214578,0.00044389263925043,0.0001242178585837843,0.0002864508576396046,0.0003029136822636526,0.00026504097742050545,7.34121732207039e-05,0.00018561554091132553,1.712847466170406e-05,0.00018597275465521239,0.0005674111419792167,4.220020185692182e-05,7.341217392279447e-05,0.00016037352332887167,0.0001859727699979885,273.1309985795112,273.13091058922976,ok,
32,GPU_ST_LRPS_RK4,sh200_dop853,torch_st_lrps,cuda:0,10.0,1.0,224.5515864822972,224.5515864822972,1962.5515864822971,0.0,27.59117699240893,64.53659093678607,215.77780494750365,314.84233470148723,0.00021244823459108151,0.0001278730314511146,0.00046565917686191503,0.00040621689067029434,0.0001588209432768513,0.00013660588954632924,0.00026966047599613104,0.000254405338021497,4.5539063439174845e-05,0.0001998126391731899,5.599424353087216e-05,0.00013597523894778705,0.0004500507713249285,0.00011952312789340224,4.5539063387274175e-05,0.00010226709346738971,0.0001359752472751552,222.5201391983989,222.52001149598627,ok,
33,GPU_ST_LRPS_RK4,sh200_dop853,torch_st_lrps,cuda:0,10.0,1.0,239.28693314291465,239.28693314291465,1977.2869331429147,0.0,139.93287088341197,349.85751338194825,180.26682703284322,51.80310091845028,0.0001041043700315154,8.79922143171746e-05,0.00016536407965633574,0.00015774555215943725,8.102290505408216e-05,9.917607338533744e-05,0.00013128683834401825,0.00012247612004503888,1.1650104116957677e-05,9.503068233711337e-05,4.087987705785548e-05,2.925718665361674e-05,0.00015961021893816393,8.81224195227347e-05,1.1650103866764104e-05,8.815431982611699e-06,2.925718624169349e-05,238.63535668606173,238.63534787062974,ok,
34,GPU_ST_LRPS_RK4,sh200_dop853,torch_st_lrps,cuda:0,10.0,1.0,202.78725754164032,202.78725754164032,1940.7872575416402,0.0,23.727999201573788,243.95712250062869,43.85970166627121,182.27877538342787,0.0005139801181530852,0.000499757802899262,0.0014185344035693025,0.0011667082939068381,0.000332725972495532,0.00025778979393682993,0.0008269701340887057,0.0006948026634236316,0.00018068797249119395,0.00047540658948717527,7.42697322322728e-05,0.0004049459480849314,0.0014128650368232202,0.00015483724617578384,0.00018068797207790584,-6.92776166602016e-05,0.0004049460503949831,196.94599444177467,196.94600505106757,ok,
35,GPU_ST_LRPS_RK4,sh200_dop853,torch_st_lrps,cuda:0,10.0,1.0,338.8524871285773,338.8524871285773,2076.852487128577,0.0,35.95961729881037,289.4848294256146,257.5465666616886,266.03424140959504,0.00025577164596531294,0.0003458776288604844,0.0004369034060718761,0.00041206170936614533,0.0001884835967191001,0.0002776642264123025,0.0003037549283921898,0.00028934507748038516,1.4100743235892736e-05,0.0002552861790992044,7.019307724395386e-06,3.255339978437716e-05,0.0004368518264572666,2.2838888802935554e-05,1.4100745081870717e-05,1.0576082445368229e-05,3.25534301737207e-05,335.93275746837304,335.932779309964,ok,
36,GPU_ST_LRPS_RK4,sh200_dop853,torch_st_lrps,cuda:0,10.0,1.0,226.21155031146264,226.21155031146264,1964.2115503114628,0.0,166.96125918117139,143.12814977697863,108.34152904113832,175.890256326552,0.0009597296943297907,0.0009963882547234118,0.0021776986098737392,0.0018378199999665443,0.000734366853406311,0.0009879211652921967,0.00146042798544699,0.0012965962594042773,0.00016259327864777946,0.0009451825965074726,3.5698335763889913e-05,0.0003714964100538285,0.002177613242857607,9.968496122102433e-05,0.0001625932798971807,-0.0002681522472016695,0.0003714969235204535,220.52412054844737,220.5237630979775,ok,
37,GPU_ST_LRPS_RK4,sh200_dop853,torch_st_lrps,cuda:0,10.0,1.0,332.57284255271645,332.57284255271645,2070.5728425527163,0.0,51.5603208387699,332.9310345523298,8.949416899052274,199.87129523765688,0.00012579196802740098,0.00018823375257712965,0.00023921611609439242,0.00020993153609512587,9.206552541210955e-05,0.00014265084526421162,0.0001582032407624316,0.0001424379825688408,1.072965022409468e-05,0.00012423965127113387,1.652279874301884e-05,2.5186725510091178e-05,0.00023635475777657178,3.991835116189534e-05,1.0729650610109919e-05,-2.5186717039105133e-05,2.5186717039105133e-05,329.8754948006652,329.8755162788804,ok,
38,GPU_ST_LRPS_RK4,sh200_dop853,torch_st_lrps,cuda:0,10.0,1.0,326.795022336217,326.795022336217,2064.7950223362172,0.0,25.261127471504274,150.88115495386938,347.8434883715454,214.5753191643742,0.0001175134886420749,7.854100212658105e-05,0.0002594454644131155,0.00023344266575630714,7.225281916844003e-05,6.995631688769063e-05,0.00013069210947840734,0.0001247585881632989,3.881556014110179e-05,0.00010878819305438903,2.16310276160093e-05,8.343592910536976e-05,0.00025799446247298514,4.2819629863139304e-05,3.881556013368524e-05,7.404530350640925e-05,8.343592725168492e-05,325.1634316699158,325.1634936894779,ok,
39,GPU_ST_LRPS_RK4,sh200_dop853,torch_st_lrps,cuda:0,10.0,1.0,386.6046443200422,386.6046443200422,2124.6046443200426,0.0,84.12868827995247,282.51484173078745,6.421242231715585,39.29183883566458,0.00011349634021670419,0.0002464164694636919,0.00025346635986381235,0.0002208477603573397,8.025074041894617e-05,0.00017162382471409935,0.00017162382471409935,0.00015376340961459925,1.2569540242785692e-05,0.00011201142592560114,1.329911135318534e-05,2.8229804869597864e-05,0.0002534193960472078,4.2751574638243664e-05,1.2569541045145565e-05,2.760395966561191e-05,2.8229813608504628e-05,384.26902970472815,384.2690382898054,ok,
40,GPU_ST_LRPS_RK4,sh200_dop853,torch_st_lrps,cuda:0,10.0,1.0,365.8857229765473,365.8857229765473,2103.885722976547,0.0,41.875333553958065,191.07705261565926,218.16569545200394,312.386023359364,7.122632459356418e-05,5.66324299451704e-05,0.00022930055890916503,0.00016884733889590393,4.644949529459199e-05,6.564316217712882e-05,0.0001256856925494633,9.70403420530027e-05,1.714269055767063e-05,6.680537967639099e-05,1.7786475812958616e-05,5.605599589114248e-05,0.0002292293025300386,3.898776585508243e-05,1.714269056242602e-05,-3.894150671612806e-05,5.605599284308482e-05,363.9754279381731,363.9754668796798,ok,
41,GPU_ST_LRPS_RK4,sh200_dop853,torch_st_lrps,cuda:0,10.0,1.0,320.62143146774514,320.62143146774514,2058.6214314677454,0.0,67.35312781329289,153.31755109446357,234.6951692087907,312.29662743083696,0.00010061298068486104,0.00015441385362648994,0.00021511772789357348,0.00020028618146464356,6.516448186891608e-05,8.936924996320018e-05,0.00011905502019050769,0.00011348396860191148,2.8071214558945297e-05,9.548651051620017e-05,1.4741272160755897e-05,6.661980238555686e-05,0.00021493914430244782,3.1068821900696625e-05,2.8071214516839116e-05,6.30784826398667e-05,6.661980017952374e-05,318.3098026411836,318.30982801627766,ok,
42,GPU_ST_LRPS_RK4,sh200_dop853,torch_st_lrps,cuda:0,10.0,1.0,290.77937641525995,290.77937641525995,2028.77937641526,0.0,42.599225339564605,268.5651408876407,293.96475483260775,37.900108747484985,0.00025008580278421523,0.0006682693968192544,0.0006685121768196529,0.0005563734838995461,0.00016589281436840727,0.00041409083466980846,0.00041409083466980846,0.00033727046901481025,7.658704598707456e-05,0.0002353721973668801,3.573880031402247e-05,0.00017842383515063803,0.00066778910365675,6.833196648307725e-05,7.658704837804418e-05,0.00011746254443778525,0.00017842387148903072,288.6127191331007,288.61256251024594,ok,
43,GPU_ST_LRPS_RK4,sh200_dop853,torch_st_lrps,cuda:0,10.0,1.0,213.31177139103562,213.31177139103562,1951.3117713910356,0.0,26.311183954685692,296.8791085642829,111.7204826126668,51.793895869611354,0.0008929044355137306,0.0006229529240263089,0.002212795980389496,0.0018340793170287318,0.000568425203594926,0.0004232012072072666,0.0011943064715966654,0.0010475783866071991,0.0003207952877014134,0.0008298577511390831,7.553030665265961e-05,0.0007298643243832969,0.0022046230713340096,0.00020187001230828172,0.0003207952878532218,-0.00046343381936253536,0.000729864190788021,210.5334592439672,210.53418800166318,ok,
44,GPU_ST_LRPS_RK4,sh200_dop853,torch_st_lrps,cuda:0,10.0,1.0,384.19409449749,384.19409449749,2122.1940944974904,0.0,51.2496148208284,55.30082226914111,41.576422919527786,7.613285881118412,8.455405653549894e-05,0.00020083728857486543,0.00020083728857486543,0.00015806420082169865,5.782324607461985e-05,0.00012457180854743186,0.00012458787938665874,0.0001046129233981093,1.4795593261555113e-05,8.272133659571313e-05,9.362658194428994e-06,2.785814725374356e-05,0.00020023185559376472,2.3254957339430546e-05,1.4795593619232027e-05,6.696226023450436e-06,2.7858152520821022e-05,382.24909320575745,382.24911467584127,ok,
45,GPU_ST_LRPS_RK4,sh200_dop853,torch_st_lrps,cuda:0,10.0,1.0,211.079081832852,211.079081832852,1949.079081832852,0.0,9.60874787289157,212.81177379994963,245.0572296478223,141.70696445953016,0.00024180724066958314,0.0003046975209039665,0.000569907086351292,0.0004681570053509438,0.00015732802815708312,0.00023696241747235937,0.00030116037424904606,0.00026563445978687437,8.646268662573769e-05,0.00022187064670989496,4.2051891636764084e-05,0.00022419731623343742,0.0005697912515809858,8.81563030037118e-05,8.646268670499121e-05,0.00022419732715661667,0.00022419732715661667,208.67022781616495,208.67004519263025,ok,
46,GPU_ST_LRPS_RK4,sh200_dop853,torch_st_lrps,cuda:0,10.0,1.0,263.5982193904099,263.5982193904099,2001.59821939041,0.0,157.50088960222953,306.4073856559942,15.6510223246051,65.33942745474867,0.00018245474664186213,0.0003850476194051697,0.0004851414374598618,0.0003551889613897367,9.468550249567413e-05,0.00023432457864439054,0.00023432457864439054,0.00018689357568264003,8.242941738946927e-05,0.0001620796370005329,1.5010562639496285e-05,0.00022167425273870344,0.0004850753845357186,2.9544374608889915e-05,8.24294176884382e-05,0.00019626780971293556,0.00022167425720454048,262.48047137610826,262.4804729428601,ok,
47,GPU_ST_LRPS_RK4,sh200_dop853,torch_st_lrps,cuda:0,10.0,1.0,247.3489742208792,247.3489742208792,1985.3489742208792,0.0,102.82187731369909,149.85447325314922,17.731483173933835,134.50108984544576,0.0003490543712523254,0.0004109098870942076,0.0007804541210260859,0.0006646866576368758,0.00017965437419833615,0.00033625241569780316,0.0003367638260145913,0.00031017497023591134,0.00015421737789353935,0.00031053155158499216,4.032505320783621e-05,0.0003996061827203782,0.0007704234098700615,0.00012615006032082825,0.00015421737793869705,0.0003979336512145437,0.0003996061829525388,244.391339029307,244.39098656412307,ok,
48,GPU_ST_LRPS_RK4,sh200_dop853,torch_st_lrps,cuda:0,10.0,1.0,304.7505897435274,304.7505897435274,2042.7505897435274,0.0,150.02253968194074,18.706271927437534,332.94307284650233,35.68073096875518,7.201704724833172e-05,0.00010987195504204453,0.00013389519126859065,0.00011871580616601765,4.244880660901121e-05,5.1797647031257564e-05,6.809175062059455e-05,6.317235615544793e-05,2.5478600510098556e-05,6.354828905733624e-05,2.2336315011668535e-05,5.749702913559205e-05,0.0001335048852081466,3.8452179444395084e-05,2.5478600476722435e-05,4.075782237578096e-05,5.749702876300944e-05,304.75058974352714,304.75058974352714,ok,
49,GPU_ST_LRPS_RK4,sh200_dop853,torch_st_lrps,cuda:0,10.0,1.0,368.71499031955057,368.71499031955057,2106.7149903195505,0.0,176.32272250558668,288.72931689849366,280.6119146776784,231.29397935839717,0.00011365740742132428,0.0002967195008843958,0.0003007733687235798,0.00022765332710199992,7.511795952240998e-05,0.00016098994290574014,0.00016697204604759736,0.00013650370501315178,2.562691029061528e-05,0.00010879761326208755,2.0599686385158655e-05,7.107521827675738e-05,0.00029772897044657985,5.536423876972342e-05,2.5626910897058748e-05,-2.1973391994833946e-05,7.107522429805613e-05,365.9068395662554,365.906903662066,ok,
50,GPU_ST_LRPS_RK4,sh200_dop853,torch_st_lrps,cuda:0,10.0,1.0,355.7992709156258,355.7992709156258,2093.799270915626,0.0,96.49224647057471,185.1202332685492,308.7259718841207,166.6077716136657,0.00014185841572565239,0.00015569902733632594,0.0003457264985548654,0.0003003950781615101,7.710880612866036e-05,0.0001178764371267373,0.00017148606834860045,0.00015301321495438995,5.363359839371095e-05,0.00013121107181051945,5.5589450320043564e-06,0.00011274337739273893,0.00034571089649109533,1.2886496578912068e-05,5.36335984237816e-05,-0.00011134307669635746,0.00011274338095290659,353.8165130287921,353.8165523978183,ok,
51,GPU_ST_LRPS_RK4,sh200_dop853,torch_st_lrps,cuda:0,10.0,1.0,277.0178992200707,277.0178992200707,2015.0178992200708,0.0,47.96339715015229,50.31662794342447,172.03581864854849,150.0801726941586,0.00024470444655836824,0.0002595059801757172,0.000493454199030065,0.00043533122346906054,0.00012410205117317237,0.00019673659801652398,0.00020330954205193113,0.00019158923164714194,0.00010605474699524097,0.0002192984109050619,2.3256478231395232e-05,0.00025280971988071884,0.0004930396573573986,4.6892430740491545e-05,0.00010605474696328845,-0.0002528097191998313,0.0002528097191998313,275.8616069079819,275.8614893779105,ok,
52,GPU_ST_LRPS_RK4,sh200_dop853,torch_st_lrps,cuda:0,10.0,1.0,246.51398810577473,246.51398810577473,1984.5139881057748,0.0,65.95064096872453,117.89840318851637,136.60706870169443,246.86760436414033,0.0007064068198766675,0.0004659705087750553,0.0014932372939474915,0.0013539569947152805,0.0005323606022511811,0.0005720277159122394,0.0009763085315143125,0.0008968827071806705,0.00012425526392073242,0.000695270657203449,1.3036018876168148e-05,0.000264479885483417,0.001493208428768691,3.1495262490181517e-05,0.00012425526498594989,-3.594396636685815e-05,0.00026448011493585,244.01130125882057,244.01155348805105,ok,
53,GPU_ST_LRPS_RK4,sh200_dop853,torch_st_lrps,cuda:0,10.0,1.0,259.37529491425704,259.37529491425704,1997.375294914257,0.0,164.94264351687204,173.1277541880283,118.21003380168797,192.75652433880114,0.00052594461018681,0.0012517685312431045,0.0012620153113511536,0.0010363067107182855,0.00038975069879759484,0.0008014587047698924,0.0008089731020145232,0.0006893577575501407,9.633477075264375e-05,0.0005155225003886376,3.9672364709433805e-05,0.00023095212040380605,0.0012610407433873046,8.390009178679376e-05,9.633478265394247e-05,-5.1681319462204556e-05,0.0002309522889447635,255.1360191939422,255.13578824165324,ok,
54,GPU_ST_LRPS_RK4,sh200_dop853,torch_st_lrps,cuda:0,10.0,1.0,369.71209775472494,369.71209775472494,2107.7120977547247,0.0,144.79052903047395,191.78001938366646,227.85034653634347,103.73602110568622,0.00012109254353114697,0.00021024467176291588,0.0002912351844366151,0.0002485449956625307,7.372361638226649e-05,0.0001324292306971153,0.00015185903930212973,0.00013596507247304112,3.576678700048916e-05,0.00011355909149984438,2.2101443035112774e-05,7.99062868304144e-05,0.0002879173301080902,4.743168811690178e-05,3.5766786855231535e-05,7.272339382780046e-05,7.99062829628383e-05,368.35777570278384,368.3578265009057,ok,
55,GPU_ST_LRPS_RK4,sh200_dop853,torch_st_lrps,cuda:0,10.0,1.0,346.97863246205816,346.97863246205816,2084.978632462058,0.0,125.06366318732967,309.8588645973219,47.557021428555814,221.17670659509113,3.939412645172692e-05,2.232685229371167e-05,0.00010284309084072769,7.810705118611625e-05,2.3740789997960234e-05,2.940157519097533e-05,5.623637370210263e-05,4.5714952889770686e-05,1.2948940953744387e-05,3.352034151830313e-05,1.614338352289927e-05,2.8286044581065473e-05,9.934709838330024e-05,3.3058911518131395e-05,1.2948940950925069e-05,1.3115672118146904e-05,2.828604402793644e-05,346.978632462058,346.978632462058,ok,
56,GPU_ST_LRPS_RK4,sh200_dop853,torch_st_lrps,cuda:0,10.0,1.0,219.01914964598691,219.01914964598691,1957.019149645987,0.0,15.208779388233642,336.9383361722254,49.46685481360878,345.1968885272689,0.0007507753755558017,0.0019633884670074908,0.001991083907594889,0.0015814543136167902,0.000524246636515213,0.001182631142214858,0.0011964591230643317,0.0009752655666561484,0.00021127683645153563,0.0007186236208516219,5.104757069724874e-05,0.0005079693270448616,0.0019904040521130746,0.00014165841750546587,0.00021127685718582193,-0.00013034665911959564,0.0005079695659162553,213.36607045932766,213.36594001053996,ok,
57,GPU_ST_LRPS_RK4,sh200_dop853,torch_st_lrps,cuda:0,10.0,1.0,360.17683521701935,360.17683521701935,2098.1768352170197,0.0,140.87233883331842,286.24134203391094,340.5697426142389,91.21800738210739,0.0001038402469750022,5.6665163147688935e-05,0.0001995240076834819,0.00018085591078776577,7.311623404351281e-05,8.573849202111708e-05,0.00012821994026150874,0.00011314430986884417,1.5419091765687523e-05,9.689325044968463e-05,3.4010976437695105e-05,3.647295996373135e-05,0.00019721819860305068,7.512969403535744e-05,1.541909178561765e-05,8.582090458730818e-06,3.647295477549051e-05,360.13611947328036,360.1361480136756,ok,
58,GPU_ST_LRPS_RK4,sh200_dop853,torch_st_lrps,cuda:0,10.0,1.0,318.0151790716618,318.0151790716618,2056.015179071662,0.0,110.90982600434184,61.66486947340397,203.38222013007908,206.0749850521859,0.00013139710345709175,0.0003029541831003157,0.00031287187827248793,0.00023771743775112382,6.309409502886622e-05,0.00012737287050820645,0.00012853907429511923,0.0001068720819557666,5.74855402690437e-05,0.0001172709367000265,1.4427018485751015e-05,0.0001398126080008829,0.0003124405319346168,3.691647849027519e-05,5.748554055538658e-05,-4.2921951944663306e-05,0.00013981260872242274,317.28690177703254,317.28677607091356,ok,
59,GPU_ST_LRPS_RK4,sh200_dop853,torch_st_lrps,cuda:0,10.0,1.0,293.19703059624544,293.19703059624544,2031.1970305962454,0.0,137.50621020118584,287.728097944344,177.1751576071545,215.85363894814043,5.237143917900836e-05,3.545887616272327e-05,0.00016151685176083296,0.0001232425853678691,3.4413747455853583e-05,6.129768426160025e-05,0.00010060820619326546,7.705261607692036e-05,1.5562699856326684e-05,4.5102057578679864e-05,2.1595703670681994e-05,4.133357047578246e-05,0.00016122918797774688,5.001587503120108e-05,1.5562699836073208e-05,-4.4068104898542515e-06,4.1333572482926684e-05,292.0147585346778,292.01472180683163,ok,
60,GPU_ST_LRPS_RK4,sh200_dop853,torch_st_lrps,cuda:0,10.0,1.0,386.2472471380204,386.2472471380204,2124.2472471380206,0.0,21.07864186201989,31.57524428787663,236.83078261459002,150.6989882845366,0.0001335480775765636,0.000268971086496645,0.00031763086386117135,0.000271196530222663,8.949840533617583e-05,0.00017110442679142766,0.00018591044804551132,0.0001650790397266797,2.4325575364609152e-05,0.00013107667956978788,7.890467700695771e-06,5.772281343922506e-05,0.0003167069102452012,2.4182409019833218e-05,2.4325575816625323e-05,-4.7909590932704305e-05,5.772282275984253e-05,383.505343652789,383.505285939855,ok,
61,GPU_ST_LRPS_RK4,sh200_dop853,torch_st_lrps,cuda:0,10.0,1.0,354.86428322836866,354.86428322836866,2092.8642832283685,0.0,60.05479649908287,323.41195705015286,274.5115729454348,97.39257872766326,9.832971219727805e-05,9.779404796641111e-05,0.00018699672549067162,0.00017854051950691056,6.899879932332402e-05,9.109993148616609e-05,0.00012291706896744257,0.00011440444235214375,1.5900160688526945e-05,9.591177333982845e-05,1.4725791173581446e-05,3.1808906644237894e-05,0.00018699579580974495,3.440951522934453e-05,1.590016077615953e-05,1.870988398877671e-06,3.1808909056962875e-05,353.99065237576815,353.99067503659893,ok,
62,GPU_ST_LRPS_RK4,sh200_dop853,torch_st_lrps,cuda:0,10.0,1.0,272.8384035544108,272.8384035544108,2010.8384035544107,0.0,28.370096752499936,53.202014115188994,337.00588681526784,157.64545339155117,9.273165274242229e-05,5.628987059135288e-05,0.0001620188536086648,0.0001521237599078634,6.789365819424642e-05,6.082258666195041e-05,0.00010092179843522046,9.502282292988983e-05,1.8491023014473644e-05,9.015348603083582e-05,1.1383779895416664e-05,3.461299408445065e-05,0.00016155812412382042,2.9218784084613304e-05,1.849102301936328e-05,1.8070354826704715e-05,3.4612991385074565e-05,270.1757927428377,270.17576833179544,ok,
63,GPU_ST_LRPS_RK4,sh200_dop853,torch_st_lrps,cuda:0,10.0,1.0,276.663964555482,276.663964555482,2014.663964555482,0.0,99.53875174552198,337.0103952618464,280.9085378073812,172.57304308483452,0.00033090944500684545,0.0006628152633704671,0.0008692863254041644,0.0007129677596242305,0.0002277999280926617,0.0004427692038784078,0.0005188735146639172,0.0004530695855499176,8.048945054413127e-05,0.0003186305312165608,3.869229538932257e-05,0.00020180978605387372,0.0008691379590628327,8.711931799707121e-05,8.048944855350027e-05,0.00018880192885717406,0.00020180972893513172,276.6639645554819,276.6639645554819,ok,
64,GPU_ST_LRPS_RK4,sh200_dop853,torch_st_lrps,cuda:0,10.0,1.0,275.27189469616525,275.27189469616525,2013.2718946961654,0.0,129.19684248065582,342.4300776013828,42.65228779813489,306.19212450868173,0.0002060031591052272,0.0003352603759293164,0.0005502415045244469,0.00046034669604808363,0.00014539200517486525,0.00029208941909863605,0.0003684845357318162,0.000308492699644139,4.6736843064240375e-05,0.00019783597265735062,3.337509527240532e-05,8.801941805939492e-05,0.0005501812214613873,6.373665555624528e-05,4.673684349592418e-05,-5.2590092138871114e-05,8.801942902891824e-05,273.9059079251126,273.905976619177,ok,
65,GPU_ST_LRPS_RK4,sh200_dop853,torch_st_lrps,cuda:0,10.0,1.0,327.4147767982415,327.4147767982415,2065.4147767982417,0.0,105.88643999445972,246.99469143796156,4.428966919897022,163.55446626302876,0.00016001534892348205,0.00011507550610091262,0.00039430075915474177,0.0003324075705971167,8.748251869128407e-05,4.210833215829486e-05,0.00019890757956888202,0.0001735315348270145,6.292718050263282e-05,0.000145959432353592,1.8464180244732586e-05,0.00012879848393549761,0.00039425418325636003,3.838612634479795e-05,6.292718046442177e-05,-4.230842603192286e-05,0.00012879848833335927,325.6154008663855,325.61544317481156,ok,
66,GPU_ST_LRPS_RK4,sh200_dop853,torch_st_lrps,cuda:0,10.0,1.0,365.07990223926424,365.07990223926424,2103.079902239264,0.0,82.5386547237392,159.23308574444155,108.69386091929697,330.6390823855995,9.874303581217414e-05,0.00015197646027841717,0.00025275823716621555,0.0001913486596292068,4.9282756354079804e-05,4.7369362165090235e-05,0.00011612738235203847,9.622645068051348e-05,4.103631980586711e-05,8.775179691374056e-05,1.9126675524108568e-05,0.00010154078424337905,0.00025190480060017996,4.9704922628451914e-05,4.1036319883362215e-05,-1.3627558985263022e-05,0.00010154078483992635,363.12038936797717,363.12039832719694,ok,
67,GPU_ST_LRPS_RK4,sh200_dop853,torch_st_lrps,cuda:0,10.0,1.0,356.25880708630314,356.25880708630314,2094.258807086303,0.0,179.46623841076317,316.5120087507883,102.20703763105402,301.2827686779378,9.514844186712796e-05,8.700715427980614e-05,0.0002540516295846785,0.00021018055774176797,6.511620039805337e-05,9.653929788078512e-05,0.0001510670212369933,0.00012888733379109798,1.9796334950749626e-05,9.251483396685346e-05,1.0116155808680307e-05,4.8922289564870485e-05,0.00025403889146264616,2.1496298318888627e-05,1.9796334985676698e-05,1.4806807996592397e-05,4.892229566166861e-05,353.84568619059564,353.8457153856622,ok,
68,GPU_ST_LRPS_RK4,sh200_dop853,torch_st_lrps,cuda:0,10.0,1.0,221.28390637427657,221.28390637427657,1959.2839063742765,0.0,119.82325249917665,234.0450056011669,32.55866171428779,322.9320236027851,0.0001904172702201315,0.0001301133493462345,0.00043318236405819917,0.00034317782924153407,0.00011662847604103929,0.0001592650595827865,0.00025651011939932197,0.0002094479732451167,7.188358318691323e-05,0.0001655871451112117,6.060020330176475e-05,0.000128133267207692,0.0004195440675428634,0.00011807584124821221,7.18835831273896e-05,-8.457645543558101e-05,0.00012813326227956168,218.49290981503412,218.49282114854128,ok,
69,GPU_ST_LRPS_RK4,sh200_dop853,torch_st_lrps,cuda:0,10.0,1.0,205.7999006408939,205.7999006408939,1943.799900640894,0.0,25.743937529994298,279.6364586491987,71.35352179664324,327.8297617671187,0.0009158023441514905,0.0021657394808181625,0.0021657394808181625,0.0017652395055605685,0.0007303052882399869,0.0015911421181936467,0.0015911421181936467,0.0013481911238313524,0.00013093464950825236,0.0009057070376279818,3.528190899968112e-05,0.00028669138200521056,0.0021552578731227684,0.00010240661783139615,0.00013093469699251744,0.00018655918935905902,0.0002866921343240847,202.54959455695354,202.5495314552535,ok,
70,GPU_ST_LRPS_RK4,sh200_dop853,torch_st_lrps,cuda:0,10.0,1.0,331.25380786549806,331.25380786549806,2069.253807865498,0.0,0.9773701431660831,18.596850125183614,218.13306395318196,288.5334519093895,0.00016921332721998782,0.0003869637649654993,0.0003869637649654993,0.0003314067500038899,9.55717446791419e-05,0.00018266588682016484,0.00018266588682016484,0.00016555773272154976,6.447625744561048e-05,0.00015589801660160547,1.310613422606314e-05,0.00013933915671907656,0.000384771664051945,3.464131921619017e-05,6.447625688048303e-05,-2.636654721754894e-05,0.0001393391539181721,327.7997921350447,327.79985512641326,ok,
71,GPU_ST_LRPS_RK4,sh200_dop853,torch_st_lrps,cuda:0,10.0,1.0,247.7105641254777,247.7105641254777,1985.7105641254777,0.0,10.30174922758687,288.34698731100343,334.00635486202094,277.959023677577,0.00012156084055811138,0.00022368016427778506,0.0002942434052688443,0.00023747556105509356,8.970738757101135e-05,0.00014626758553350574,0.0001821366992084946,0.00015622410210624414,2.7724418693247473e-05,0.00011161146405667823,3.938623689108813e-05,7.98867262002264e-05,0.00028954619140181075,8.841394133849395e-05,2.7724418450570358e-05,-7.557092024512713e-05,7.98867198170683e-05,245.01959848265025,245.01957575444504,ok,
72,GPU_ST_LRPS_RK4,sh200_dop853,torch_st_lrps,cuda:0,10.0,1.0,339.62415679572746,339.62415679572746,2077.6241567957277,0.0,7.227233918471956,72.64155985885994,44.97252455003151,181.63115646947514,0.00016087243587146303,0.00011216935241801096,0.00036592318410932884,0.00031354235066926645,0.00011112511629523813,0.00012868164083381614,0.00022511332364936353,0.00019798741802720535,3.3129908752334946e-05,0.0001561740842546382,1.9799120599286987e-05,6.669480862975407e-05,0.0003641087949043239,5.042204711382559e-05,3.3129908758923636e-05,1.1045507619655837e-05,6.66948214416152e-05,335.8111368491906,335.811198713206,ok,
73,GPU_ST_LRPS_RK4,sh200_dop853,torch_st_lrps,cuda:0,10.0,1.0,349.0376256657689,349.0376256657689,2087.037625665769,0.0,153.2035979571483,55.87667727879272,264.46359309665814,69.49493671280547,6.212933056446926e-05,4.223428212400824e-05,0.00017789674481700238,0.00013387055911646977,3.7527536859508965e-05,4.9380681255342935e-05,9.700080604018514e-05,7.526992532375337e-05,2.068089200874728e-05,5.6639551221618105e-05,1.4977171279160967e-05,4.884321089094958e-05,0.00017763121685266924,3.433629626686685e-05,2.0680891992535212e-05,3.286350425923956e-05,4.8843212653082446e-05,347.39296372225743,347.39299916581575,ok,
74,GPU_ST_LRPS_RK4,sh200_dop853,torch_st_lrps,cuda:0,10.0,1.0,254.15175026356005,254.15175026356005,1992.1517502635602,0.0,176.4368612817627,220.15569815174504,19.620113396866415,221.87122917391181,0.00044837178620270963,0.0007744864731905855,0.00105364032435696,0.0008861661820668258,0.0003386664372583646,0.0006025367405274871,0.0006715897617857558,0.000600552110046642,8.339215234873979e-05,0.00043914601094820357,3.5125327863710695e-05,0.00022436938673851337,0.0010536205862939623,7.163490376977032e-05,8.339215529111865e-05,0.00022415794290964186,0.00022436951729787324,249.57052837008354,249.57030400056624,ok,
75,GPU_ST_LRPS_RK4,sh200_dop853,torch_st_lrps,cuda:0,10.0,1.0,208.4701103160334,208.4701103160334,1946.4701103160335,0.0,127.72409131811173,62.32602471210116,33.019562096711304,66.07196239691483,0.0003022531368512389,0.0008387941140665935,0.0008387941140665935,0.000694054967270875,0.0002296333878833723,0.000537553101203193,0.000537553101203193,0.00046873869877151673,6.859368230540811e-05,0.0002803487182702881,8.9757794360184e-05,0.00020887906371210504,0.0008092355424087449,0.00018735157687935577,6.859367731567918e-05,-0.00011675949582468093,0.0002088790058394352,206.64916104943143,206.64936982952034,ok,
76,GPU_ST_LRPS_RK4,sh200_dop853,torch_st_lrps,cuda:0,10.0,1.0,396.0054359108385,396.0054359108385,2134.0054359108385,0.0,141.1345707014534,229.10700315879967,206.06873398510945,52.24689167941789,8.093805388877914e-05,8.368595484816136e-05,0.00020940718054780752,0.00016867032209988257,4.1616460506913055e-05,5.837246364617167e-05,9.084984164429934e-05,8.110619308280644e-05,3.2276691835887536e-05,7.283773447514404e-05,1.4277540683271744e-05,8.549715469526342e-05,0.0002084558130169145,2.9356698289290375e-05,3.2276691815395424e-05,-8.031415239884154e-05,8.549715437311534e-05,394.30827330731086,394.308248549297,ok,
77,GPU_ST_LRPS_RK4,sh200_dop853,torch_st_lrps,cuda:0,10.0,1.0,389.204890711619,389.204890711619,2127.204890711619,0.0,104.04309884535759,251.9193400520638,233.7239358883112,338.61398749038665,0.00011087255749998588,0.0002516667599238149,0.0002890116343177589,0.00023586345628189985,7.607561058703715e-05,0.0001588492572797786,0.00017155581552679922,0.00014587171853958187,1.3895768222464156e-05,0.00010942736512901171,1.1193006433357495e-05,4.529684974110369e-05,0.0002874990032262748,3.003202612428997e-05,1.3895768863182012e-05,-3.8947925872889755e-05,4.5296858559140674e-05,387.54555831297023,387.54555019800085,ok,
78,GPU_ST_LRPS_RK4,sh200_dop853,torch_st_lrps,cuda:0,10.0,1.0,229.6877979840116,229.6877979840116,1967.6877979840117,0.0,72.72619033333787,170.70074261374253,42.918309431188064,48.27405955419552,0.0003083550214344054,0.0005820021616688975,0.0006005493232046113,0.0005030781403217848,0.00016151930194841942,0.0002600748208552166,0.00026818956031604557,0.00023295631199456084,0.00013327607843798854,0.00027716057131259834,2.2412582842632727e-05,0.0002684512570159592,0.0005988969483784702,7.170740511223243e-05,0.00013327607928759582,-7.952982605274883e-05,0.0002684512587904919,229.43356323997025,229.43344903500704,ok,
79,GPU_ST_LRPS_RK4,sh200_dop853,torch_st_lrps,cuda:0,10.0,1.0,255.6151091562515,255.6151091562515,1993.6151091562515,0.0,77.022578462643,219.95551693318617,228.4664822705747,148.2519227708053,0.0002518391349818928,0.0006579000025308957,0.0006579000025308957,0.0005656971579161449,0.00018835438451877729,0.00042809385443102793,0.0004289366124563032,0.0003733123126526532,4.6386325328087155e-05,0.0002459745614627086,2.770873227365467e-05,0.00010917740944315501,0.0006542589373034671,6.736096504429951e-05,4.638632911103674e-05,1.549709796222487e-05,0.00010917745044025651,252.10573176896781,252.1058031786906,ok,
80,GPU_ST_LRPS_RK4,sh200_dop853,torch_st_lrps,cuda:0,10.0,1.0,281.75662188573943,281.75662188573943,2019.7566218857396,0.0,105.89512471362148,114.13472807420564,12.981540339850932,150.62401589646973,8.143942397596763e-05,0.00011460804865282765,0.00024098111128248854,0.00016967219013217747,4.861433959052001e-05,8.738497938096381e-05,0.0001247222394178082,9.328230492645501e-05,2.8613037725419135e-05,7.507844382790415e-05,1.3300418115284779e-05,8.303100368292301e-05,0.00024087689008654663,3.121398744712789e-05,2.861303773786099e-05,-8.303100196371815e-05,8.303100196371815e-05,279.4284864261593,279.42844184432573,ok,
81,GPU_ST_LRPS_RK4,sh200_dop853,torch_st_lrps,cuda:0,10.0,1.0,294.82653501803406,294.82653501803406,2032.826535018034,0.0,103.04242796198082,203.67788415549154,252.7207851997337,233.2614535924356,0.0001566218865832232,0.00033988192695636317,0.00035814897732832924,0.00031638206381488066,0.00010982774695142192,0.00020470217491732565,0.00021116537642442104,0.00019415376372926358,3.398239914219149e-05,0.0001498370290995543,3.040520705484725e-05,8.743605645001692e-05,0.0003576202627422212,7.790004773119948e-05,3.398239841242073e-05,4.226785199534788e-05,8.743604644223524e-05,294.7896609413875,294.7895772559124,ok,
82,GPU_ST_LRPS_RK4,sh200_dop853,torch_st_lrps,cuda:0,10.0,1.0,330.48661130420635,330.48661130420635,2068.4866113042062,0.0,141.7377999574717,197.6919780958846,155.31055026476045,225.36449313878055,0.00010866169913958558,0.00016690609902831333,0.0002097564073114169,0.00019331464819010122,7.701587836085522e-05,0.00010802417586778101,0.00012195875977683848,0.00011783039407042881,1.7296900207105773e-05,0.00010534467160355349,2.0265297132455437e-05,4.403898597640141e-05,0.0002090376460650521,4.448678619921864e-05,1.7296900387328404e-05,-4.0437802226733766e-05,4.403898981308885e-05,328.87496840658036,328.8750088443826,ok,
83,GPU_ST_LRPS_RK4,sh200_dop853,torch_st_lrps,cuda:0,10.0,1.0,272.1314668900509,272.1314668900509,2010.1314668900511,0.0,132.60702392679966,319.10503922053476,331.580591026269,181.3078530659157,0.00010516299416001858,0.00031996294257942507,0.00031996294257942507,0.00022618062747959355,7.473534003521241e-05,0.00021265682410410162,0.00021265682410410162,0.00016571839863170355,2.5681714606381885e-05,9.841206560248685e-05,2.6735186915903156e-05,5.1477581070280734e-05,0.000319224154867137,5.663392144752496e-05,2.5681715369690657e-05,1.4204139574758301e-05,5.147758099610655e-05,271.2714982838682,271.2715247561843,ok,
84,GPU_ST_LRPS_RK4,sh200_dop853,torch_st_lrps,cuda:0,10.0,1.0,304.0550229481138,304.0550229481138,2042.0550229481137,0.0,56.60112451395623,301.45765044422467,177.89099274627245,41.70842076069662,0.00024092996171115903,0.00030684342837767204,0.0006132467932205921,0.0004872295829626966,0.0001272489736425792,0.0002336706904919997,0.0003004214417683282,0.0002581296303126743,0.00010245611035916886,0.00021774722339048996,1.1667844957079182e-05,0.00022213928104451489,0.0006131827425504292,2.6769260972234725e-05,0.00010245611041819466,0.0002221392921910592,0.0002221392921910592,302.044537919936,302.04463016847103,ok,
85,GPU_ST_LRPS_RK4,sh200_dop853,torch_st_lrps,cuda:0,10.0,1.0,214.41182941458874,214.41182941458874,1952.411829414589,0.0,10.002225043238022,101.02011700811613,120.2868145805565,62.27800026897376,0.0003055755162569267,0.0005722904098366798,0.000649826046958977,0.0006110989829223889,0.000207002123772773,0.0003464015167119033,0.0003871314108182495,0.00036982919619278794,9.934355522185405e-05,0.00028293392111301515,5.8784780812585885e-05,0.0001805665587204348,0.0006407518387700203,0.00013559715112500573,9.934355624079153e-05,0.00010520495078480963,0.00018056657560805434,209.04297741654935,209.04285432648334,ok,
86,GPU_ST_LRPS_RK4,sh200_dop853,torch_st_lrps,cuda:0,10.0,1.0,262.77867396039784,262.77867396039784,2000.778673960398,0.0,2.6429118408127383,297.7824328274471,308.35728848684096,134.01416634895733,0.0005804579235447802,0.0011542472126556352,0.0012984827222287144,0.0011374718167885532,0.00042044294878419263,0.0007726669724877688,0.0008169475960437955,0.0007321549278475879,0.00011950085712490907,0.0005679460549295613,9.392808008136196e-06,0.00025868351576538207,0.001298433201369272,2.6291571862887034e-05,0.00011950086446167576,-0.00018597564451283688,0.00025868367498560474,259.573504769112,259.5734839461653,ok,
87,GPU_ST_LRPS_RK4,sh200_dop853,torch_st_lrps,cuda:0,10.0,1.0,230.72257981212695,230.72257981212695,1968.722579812127,0.0,21.54106005568098,131.3709699881709,345.03450512435006,358.36721013010936,0.00019863884774008056,0.0002208353973032717,0.0005049771752384319,0.0003833164577312968,0.00012294575300804853,8.889362174457009e-05,0.00027908107900943797,0.00022568758872230075,7.273337053048455e-05,0.00017602634518764873,5.6408992569100986e-05,0.00017588751361378898,0.0005014632945446756,0.0001227739111999211,7.273337048947881e-05,8.466852386845858e-05,0.00017588750694130795,228.84167016107705,228.8415984618233,ok,
88,GPU_ST_LRPS_RK4,sh200_dop853,torch_st_lrps,cuda:0,10.0,1.0,354.4209782709171,354.4209782709171,2092.420978270917,0.0,123.77970884989665,253.94629157424458,139.62301025891392,230.71990845101737,0.00013783255672559206,0.00031137894490100365,0.00031137894490100365,0.0002754693165157371,9.080500362438905e-05,0.00018315743957834061,0.00018315743957834061,0.0001604115644290941,3.4469375973819906e-05,0.00013188513927913292,2.0395731190930866e-05,7.125231068237717e-05,0.0003102029346576323,5.989497249520627e-05,3.446937652816807e-05,5.475952548295027e-06,7.125231695681578e-05,352.9169421985492,352.9168746091609,ok,
89,GPU_ST_LRPS_RK4,sh200_dop853,torch_st_lrps,cuda:0,10.0,1.0,202.14552899513524,202.14552899513524,1940.1455289951352,0.0,94.515894534107,58.95046953298652,59.72647243555211,301.06954459808566,0.0005650397157115145,0.0010045351141907508,0.0016441821816183002,0.0011925744140536276,0.0003312263084119209,0.0007216294614392989,0.0008714099521344189,0.0007088771188908667,0.00023526024114299185,0.0005131958841911967,2.350497219539323e-05,0.0005888974535494908,0.00164413353672222,4.921194544885241e-05,0.00023526024261012055,0.0005676728626724525,0.0005888975141488118,198.72808078192082,198.72767488377588,ok,
90,GPU_ST_LRPS_RK4,sh200_dop853,torch_st_lrps,cuda:0,10.0,1.0,397.8266005367211,397.8266005367211,2135.8266005367213,0.0,151.03255155870843,356.5157991574581,50.97451988475889,161.36842077156638,0.00016392795770914115,0.0003778308610286306,0.00038422101347438954,0.00032604354184241125,0.00010059492533918382,0.00019680893192420692,0.000198339725658022,0.0001757066332656363,4.606827700600903e-05,0.0001567106976330129,1.385086350239593e-05,0.00010479779936142739,0.0003836197444657735,2.650220355508077e-05,4.606827773435052e-05,-2.7474279477246455e-05,0.00010479780655714421,396.8184692938407,396.8185678107673,ok,
91,GPU_ST_LRPS_RK4,sh200_dop853,torch_st_lrps,cuda:0,10.0,1.0,278.51454316838397,278.51454316838397,2016.5145431683839,0.0,135.959431103054,156.16044983613347,168.95769630854446,54.242270572766465,0.00014689893111218276,0.00011212240673072201,0.0002921497330159461,0.0002726863174729263,9.30158273788865e-05,8.912905240844491e-05,0.00015721070600889113,0.000149611556459506,4.9624135580393095e-05,0.00013693120877933203,1.9146414599907827e-05,8.719404873271827e-05,0.00029118995083665276,3.406583609658936e-05,4.962413558604125e-05,6.820010486308092e-05,8.719405303736494e-05,275.539802218382,275.53973401827716,ok,
92,GPU_ST_LRPS_RK4,sh200_dop853,torch_st_lrps,cuda:0,10.0,1.0,236.18533044617362,236.18533044617362,1974.1853304461736,0.0,8.036836015370199,83.82682257973426,105.1413589132302,176.4711152645711,0.0005308684710224054,0.000981729621684415,0.0010400042672012823,0.0008963058902872639,0.0004209203859910737,0.0007705093527175615,0.0008003972562423357,0.0007356840452444037,2.954327942119632e-05,0.0005271173948933183,5.563973550969859e-05,6.499678121796807e-05,0.0010400015784424307,0.000100150072130204,2.9543299156566247e-05,-3.927206503817615e-05,6.499683391325561e-05,232.4515372804366,232.4515087735059,ok,
93,GPU_ST_LRPS_RK4,sh200_dop853,torch_st_lrps,cuda:0,10.0,1.0,317.2890346029592,317.2890346029592,2055.289034602959,0.0,15.140760220238764,87.72028346005688,303.6918185145148,229.53193217224526,9.317121072348785e-05,0.00015388251961571364,0.0002897235252421967,0.0002161366160577082,5.844392818380537e-05,0.00012694075557435062,0.00017142166126066008,0.00012933510825983017,2.820199218070214e-05,8.703894701270915e-05,1.7599541120125764e-05,6.777381876461353e-05,0.0002861586904337393,4.9385894746789953e-05,2.8201992250959098e-05,-5.6920638087376574e-05,6.777382407108234e-05,313.5763104802491,313.5762745040171,ok,
94,GPU_ST_LRPS_RK4,sh200_dop853,torch_st_lrps,cuda:0,10.0,1.0,329.8298100268549,329.8298100268549,2067.829810026855,0.0,137.32254342711522,20.919053419721042,131.97901857574047,194.22987669420434,9.350296273501423e-05,0.0001246912095890045,0.00016639284923702948,0.00015268496823795803,6.732857417053278e-05,8.316000890761887e-05,0.00010912256744746135,0.00010244302365599944,1.3592218278245511e-05,9.095717035424054e-05,1.6877464372696927e-05,2.7531849370802124e-05,0.00016590783570003678,4.09363809297236e-05,1.359221816715913e-05,-4.569904433537886e-06,2.7531849468687142e-05,329.4463038601151,329.4462929997544,ok,
95,GPU_ST_LRPS_RK4,sh200_dop853,torch_st_lrps,cuda:0,10.0,1.0,267.6912966594652,267.6912966594652,2005.6912966594653,0.0,86.8630515457129,276.7059322053765,306.72558607722084,181.7249338452593,0.00028723222041844684,0.0001382722204387629,0.0006992246759544889,0.0005791146405639314,0.0002063129272249709,0.00019192243764813268,0.0004171294539217085,0.00037094217983082864,6.286499268681934e-05,0.00027813018086352714,3.4553489459374126e-05,0.0001763956044749387,0.0006992106592291304,7.249990632203433e-05,6.286499264293397e-05,-0.0001097824383009538,0.00017639557364645952,265.5252497940408,265.52513239182343,ok,
96,GPU_ST_LRPS_RK4,sh200_dop853,torch_st_lrps,cuda:0,10.0,1.0,381.91044877427,381.91044877427,2119.9104487742698,0.0,153.04937379006992,122.61268641294873,179.57410507133469,191.30797476164798,7.534247587683793e-05,3.015063203812772e-05,0.00015461264493799625,0.000136871695833122,5.061428522971677e-05,4.102771157531609e-05,8.703211000863174e-05,8.011372442949702e-05,1.543850066266841e-05,7.353491650581806e-05,5.545937524265698e-06,3.5079075106817346e-05,0.0001534059021244331,2.1495726691459865e-05,1.5438500635117438e-05,1.1242813457101875e-05,3.507907314315162e-05,381.52008660158094,381.52009824037225,ok,
97,GPU_ST_LRPS_RK4,sh200_dop853,torch_st_lrps,cuda:0,10.0,1.0,220.99594317921412,220.99594317921412,1958.9959431792142,0.0,165.1207810593017,227.09960653130727,63.90236967730829,121.98802881945778,0.0002582976770594723,0.00023975590668628556,0.000738316529158931,0.0005011788929161726,0.0001540851318032462,0.00018624448930282437,0.0003894107997605377,0.00027952392657446695,0.00010034634787112242,0.00023679699003611423,2.398928829881197e-05,0.00026309603399466563,0.0007382867098527439,4.353732880998515e-05,0.00010034634794891423,-0.00020940791583257123,0.00026309604618290905,215.4872430651281,215.48729448386027,ok,
98,GPU_ST_LRPS_RK4,sh200_dop853,torch_st_lrps,cuda:0,10.0,1.0,238.32060193253997,238.32060193253997,1976.32060193254,0.0,166.9428825307248,161.35463817247373,110.71262607148302,215.45178896078517,0.0003974020645200389,0.0004582563003178339,0.0009203485968532295,0.0007729210246080394,0.0003086739336934435,0.00045247313627574097,0.0006270810446859303,0.00054820382352855,5.662859970450844e-05,0.00039015108822023904,5.003729549904714e-05,0.00014090829815526068,0.0009176630968936032,8.733669688153523e-05,5.6628600811591187e-05,9.40942966849434e-05,0.0001409081965562109,232.79531983263675,232.79535976592777,ok,
99,GPU_ST_LRPS_RK4,sh200_dop853,torch_st_lrps,cuda:0,10.0,1.0,201.46289125860312,201.46289125860312,1939.4628912586031,0.0,126.54602382580066,228.15711830493467,353.45014111531276,223.32877547689586,0.0004618219266829576,0.00026746604993067673,0.0011394566534049127,0.0009079637292549861,0.00028706395682062295,0.0002997981459420305,0.0006751835309983828,0.0005646700588612085,0.0001740733282503262,0.00042230111006526515,6.811564280441058e-05,0.0003237774503937278,0.0011351065683349003,0.00014043625628912306,0.000174073328236083,0.00022192051423530756,0.000323777525920832,198.03102524756315,198.03071133469814,ok,
